Team1_x,Opponent_x,Win_x,Draw_x,Lose_x,WinX_x,LoseX_x,GoalX_x,ShootX_x,ShootTX_x,FoulX_x,CornerX_x,YellowX_x,RedX_x,WinX_y,LoseX_y,GoalX_y,ShootX_y,ShootTX_y,FoulX_y,CornerX_y,YellowX_y,RedX_y,HomeTeam,AwayTeam,HisWin,HisLose,HomeRank,AwayRank
Arsenal,Stoke,1,0,0,2.0,0.0,3.0,61.0,21.0,22.0,22.0,3.0,0.0,0.0,1.0,3.0,35.0,13.0,20.0,9.0,4.0,2.0,Arsenal,Stoke,1,0,75,54
Arsenal,Man United,1,0,0,2.0,1.0,7.0,64.0,26.0,29.0,23.0,3.0,2.0,3.0,0.0,9.0,31.0,13.0,31.0,14.0,1.0,0.0,Arsenal,Man United,0,0,75,70
Arsenal,Everton,1,0,0,3.0,0.0,11.0,55.0,23.0,32.0,17.0,3.0,0.0,1.0,1.0,4.0,38.0,11.0,30.0,14.0,8.0,0.0,Arsenal,Everton,1,0,75,47
Arsenal,Tottenham,0,1,0,3.0,0.0,8.0,52.0,16.0,30.0,20.0,3.0,0.0,2.0,0.0,8.0,44.0,19.0,36.0,17.0,2.0,0.0,Arsenal,Tottenham,0,0,75,64
Arsenal,Sunderland,1,0,0,0.0,1.0,3.0,33.0,10.0,28.0,18.0,3.0,0.0,2.0,1.0,3.0,39.0,12.0,18.0,21.0,4.0,0.0,Arsenal,Sunderland,0,0,75,38
Arsenal,Man City,1,0,0,2.0,0.0,6.0,36.0,14.0,20.0,14.0,2.0,0.0,2.0,1.0,5.0,40.0,18.0,37.0,17.0,6.0,0.0,Arsenal,Man City,0,1,75,79
Arsenal,Newcastle,1,0,0,2.0,1.0,4.0,28.0,15.0,21.0,17.0,2.0,0.0,0.0,2.0,1.0,25.0,7.0,38.0,10.0,3.0,0.0,Arsenal,Newcastle,1,0,75,39
Arsenal,Chelsea,0,0,1,1.0,0.0,4.0,38.0,11.0,27.0,16.0,2.0,0.0,1.0,0.0,8.0,38.0,13.0,40.0,20.0,4.0,0.0,Arsenal,Chelsea,0,0,75,87
Arsenal,Southampton,0,1,0,0.0,1.0,3.0,31.0,9.0,31.0,15.0,1.0,1.0,3.0,0.0,6.0,31.0,14.0,27.0,13.0,1.0,0.0,Arsenal,Southampton,0,0,75,60
Arsenal,Leicester,1,0,0,1.0,1.0,2.0,40.0,17.0,33.0,22.0,4.0,1.0,3.0,0.0,8.0,42.0,18.0,31.0,15.0,2.0,0.0,Arsenal,Leicester,1,0,75,41
Arsenal,Swansea,0,0,1,2.0,1.0,6.0,47.0,16.0,32.0,17.0,8.0,0.0,0.0,2.0,2.0,42.0,9.0,35.0,21.0,4.0,0.0,Arsenal,Swansea,0,0,75,56
Arsenal,Crystal Palace,0,1,0,2.0,0.0,9.0,41.0,21.0,25.0,17.0,1.0,0.0,1.0,0.0,3.0,43.0,17.0,39.0,25.0,4.0,0.0,Arsenal,Crystal Palace,0,0,75,48
Arsenal,West Brom,1,0,0,1.0,0.0,8.0,51.0,24.0,22.0,22.0,1.0,0.0,0.0,2.0,1.0,32.0,6.0,31.0,20.0,2.0,0.0,Arsenal,West Brom,1,0,75,44
Arsenal,Aston Villa,1,0,0,1.0,0.0,3.0,39.0,12.0,26.0,16.0,6.0,0.0,0.0,2.0,4.0,25.0,9.0,26.0,10.0,6.0,1.0,Arsenal,Aston Villa,1,0,75,38
Aston Villa,Sunderland,0,1,0,1.0,2.0,2.0,23.0,6.0,42.0,10.0,9.0,0.0,0.0,2.0,4.0,26.0,9.0,40.0,12.0,9.0,0.0,Aston Villa,Sunderland,0,0,38,38
Aston Villa,West Brom,0,0,1,0.0,2.0,5.0,43.0,12.0,38.0,14.0,6.0,0.0,1.0,1.0,3.0,38.0,12.0,23.0,17.0,7.0,0.0,Aston Villa,West Brom,1,0,38,44
Aston Villa,Stoke,0,0,1,0.0,3.0,4.0,34.0,11.0,36.0,8.0,3.0,0.0,1.0,1.0,4.0,28.0,13.0,33.0,7.0,3.0,0.0,Aston Villa,Stoke,0,0,38,54
Aston Villa,Swansea,0,0,1,0.0,3.0,2.0,31.0,7.0,42.0,14.0,4.0,0.0,0.0,2.0,3.0,36.0,8.0,28.0,9.0,4.0,0.0,Aston Villa,Swansea,0,0,38,56
Aston Villa,Man City,0,1,0,0.0,3.0,2.0,30.0,6.0,42.0,11.0,8.0,0.0,2.0,0.0,7.0,42.0,17.0,28.0,17.0,6.0,0.0,Aston Villa,Man City,0,0,38,79
Aston Villa,Arsenal,0,0,1,0.0,2.0,3.0,31.0,11.0,24.0,17.0,4.0,0.0,1.0,1.0,5.0,39.0,13.0,23.0,14.0,4.0,0.0,Aston Villa,Arsenal,0,1,38,75
Aston Villa,West Ham,0,1,0,0.0,1.0,2.0,37.0,11.0,31.0,16.0,5.0,0.0,0.0,0.0,0.0,42.0,13.0,29.0,22.0,2.0,0.0,Aston Villa,West Ham,1,0,38,47
Aston Villa,Crystal Palace,1,0,0,0.0,2.0,2.0,19.0,14.0,48.0,19.0,12.0,0.0,0.0,1.0,0.0,26.0,6.0,36.0,21.0,6.0,0.0,Aston Villa,Crystal Palace,0,0,38,48
Aston Villa,Leicester,0,1,0,1.0,2.0,2.0,27.0,9.0,49.0,19.0,11.0,0.0,1.0,0.0,1.0,37.0,8.0,30.0,16.0,2.0,0.0,Aston Villa,Leicester,0,0,38,41
Aston Villa,Liverpool,0,0,1,1.0,1.0,2.0,31.0,9.0,34.0,13.0,1.0,1.0,1.0,1.0,7.0,43.0,14.0,25.0,22.0,3.0,0.0,Aston Villa,Liverpool,0,1,38,62
Aston Villa,Everton,0,0,1,1.0,2.0,3.0,21.0,5.0,35.0,2.0,6.0,0.0,2.0,1.0,6.0,66.0,19.0,25.0,21.0,2.0,0.0,Aston Villa,Everton,1,0,38,47
Aston Villa,Tottenham,0,0,1,0.0,3.0,2.0,21.0,7.0,33.0,10.0,7.0,0.0,1.0,1.0,4.0,69.0,27.0,31.0,19.0,7.0,0.0,Aston Villa,Tottenham,1,0,38,64
Aston Villa,Chelsea,0,0,1,0.0,3.0,0.0,25.0,5.0,26.0,12.0,3.0,0.0,1.0,0.0,5.0,52.0,14.0,27.0,22.0,6.0,0.0,Aston Villa,Chelsea,0,1,38,87
Aston Villa,Southampton,0,0,1,0.0,3.0,1.0,28.0,6.0,35.0,13.0,7.0,1.0,1.0,1.0,4.0,48.0,12.0,35.0,29.0,3.0,0.0,Aston Villa,Southampton,1,0,38,60
Aston Villa,Newcastle,0,1,0,0.0,3.0,4.0,30.0,10.0,28.0,13.0,6.0,1.0,1.0,0.0,4.0,21.0,10.0,41.0,13.0,6.0,0.0,Aston Villa,Newcastle,0,0,38,39
Chelsea,Crystal Palace,0,0,1,1.0,1.0,5.0,36.0,11.0,40.0,12.0,4.0,2.0,2.0,1.0,6.0,38.0,17.0,46.0,16.0,4.0,0.0,Chelsea,Crystal Palace,1,0,87,48
Chelsea,Arsenal,1,0,0,1.0,2.0,5.0,56.0,16.0,33.0,28.0,4.0,1.0,2.0,0.0,3.0,70.0,26.0,16.0,29.0,3.0,0.0,Chelsea,Arsenal,1,0,87,75
Chelsea,Southampton,0,0,1,1.0,1.0,5.0,53.0,13.0,39.0,25.0,7.0,0.0,1.0,1.0,5.0,47.0,19.0,29.0,14.0,5.0,0.0,Chelsea,Southampton,0,0,87,60
Chelsea,Aston Villa,1,0,0,1.0,1.0,5.0,48.0,14.0,41.0,15.0,7.0,0.0,0.0,3.0,2.0,36.0,9.0,35.0,12.0,3.0,0.0,Chelsea,Aston Villa,1,0,87,38
Chelsea,Liverpool,0,0,1,1.0,2.0,4.0,27.0,10.0,48.0,12.0,8.0,1.0,0.0,0.0,2.0,40.0,9.0,38.0,27.0,6.0,0.0,Chelsea,Liverpool,0,0,87,62
Chelsea,Sunderland,1,0,0,0.0,2.0,1.0,35.0,12.0,27.0,23.0,4.0,0.0,1.0,2.0,3.0,43.0,11.0,21.0,19.0,2.0,0.0,Chelsea,Sunderland,0,0,87,38
Chelsea,West Brom,0,1,0,1.0,0.0,5.0,35.0,9.0,28.0,19.0,3.0,0.0,2.0,1.0,3.0,47.0,13.0,27.0,29.0,4.0,0.0,Chelsea,West Brom,1,0,87,44
Chelsea,Everton,0,1,0,1.0,0.0,5.0,32.0,9.0,34.0,17.0,5.0,0.0,0.0,1.0,4.0,34.0,8.0,24.0,15.0,4.0,0.0,Chelsea,Everton,0,0,87,47
Chelsea,Man United,0,1,0,1.0,0.0,4.0,38.0,17.0,38.0,20.0,5.0,0.0,2.0,1.0,4.0,30.0,7.0,42.0,10.0,4.0,0.0,Chelsea,Man United,1,0,87,70
Chelsea,Newcastle,1,0,0,1.0,0.0,2.0,40.0,15.0,32.0,24.0,4.0,0.0,1.0,2.0,2.0,37.0,12.0,39.0,18.0,3.0,1.0,Chelsea,Newcastle,1,0,87,39
Chelsea,Stoke,0,1,0,3.0,0.0,9.0,41.0,11.0,32.0,20.0,3.0,1.0,3.0,0.0,6.0,31.0,11.0,36.0,18.0,3.0,0.0,Chelsea,Stoke,0,0,87,54
Chelsea,West Ham,0,1,0,2.0,0.0,5.0,46.0,13.0,25.0,20.0,4.0,0.0,3.0,0.0,5.0,40.0,11.0,34.0,17.0,4.0,0.0,Chelsea,West Ham,1,0,87,47
Chelsea,Man City,0,0,1,1.0,1.0,6.0,41.0,15.0,34.0,21.0,8.0,0.0,2.0,1.0,6.0,54.0,13.0,27.0,23.0,2.0,0.0,Chelsea,Man City,0,0,87,79
Chelsea,Tottenham,0,1,0,1.0,2.0,4.0,35.0,10.0,29.0,27.0,6.0,1.0,2.0,0.0,8.0,58.0,16.0,30.0,14.0,3.0,0.0,Chelsea,Tottenham,1,0,87,64
Chelsea,Leicester,0,1,0,0.0,1.0,5.0,35.0,20.0,30.0,13.0,5.0,1.0,2.0,0.0,8.0,64.0,20.0,29.0,21.0,1.0,1.0,Chelsea,Leicester,0,0,87,41
Crystal Palace,Man City,0,0,1,2.0,1.0,5.0,40.0,16.0,41.0,19.0,5.0,0.0,3.0,0.0,7.0,52.0,22.0,35.0,21.0,8.0,0.0,Crystal Palace,Man City,1,0,48,79
Crystal Palace,West Brom,1,0,0,1.0,2.0,1.0,38.0,9.0,46.0,13.0,8.0,0.0,1.0,1.0,3.0,28.0,11.0,25.0,17.0,4.0,0.0,Crystal Palace,West Brom,0,1,48,44
Crystal Palace,West Ham,0,0,1,2.0,1.0,3.0,49.0,15.0,47.0,17.0,9.0,0.0,1.0,0.0,6.0,45.0,16.0,25.0,18.0,6.0,0.0,Crystal Palace,West Ham,0,1,48,47
Crystal Palace,Man United,0,1,0,1.0,2.0,3.0,36.0,13.0,34.0,11.0,5.0,1.0,1.0,1.0,3.0,25.0,13.0,48.0,15.0,7.0,0.0,Crystal Palace,Man United,0,1,48,70
Crystal Palace,Sunderland,0,0,1,1.0,1.0,2.0,28.0,13.0,29.0,15.0,6.0,0.0,1.0,2.0,5.0,35.0,15.0,20.0,12.0,3.0,0.0,Crystal Palace,Sunderland,0,1,48,38
Crystal Palace,Newcastle,1,0,0,1.0,1.0,2.0,38.0,16.0,36.0,24.0,6.0,0.0,1.0,1.0,1.0,26.0,8.0,26.0,15.0,7.0,0.0,Crystal Palace,Newcastle,0,1,48,39
Crystal Palace,Southampton,1,0,0,1.0,1.0,6.0,52.0,20.0,36.0,24.0,4.0,0.0,0.0,2.0,2.0,51.0,14.0,23.0,21.0,4.0,0.0,Crystal Palace,Southampton,0,1,48,60
Crystal Palace,Swansea,0,1,0,2.0,0.0,3.0,32.0,8.0,36.0,20.0,0.0,0.0,1.0,1.0,2.0,41.0,11.0,31.0,13.0,2.0,0.0,Crystal Palace,Swansea,0,0,48,56
Crystal Palace,Chelsea,0,0,1,1.0,0.0,2.0,30.0,5.0,36.0,19.0,3.0,0.0,1.0,0.0,5.0,42.0,12.0,25.0,14.0,4.0,0.0,Crystal Palace,Chelsea,0,1,48,87
Crystal Palace,Tottenham,0,0,1,0.0,3.0,0.0,26.0,8.0,32.0,11.0,6.0,0.0,1.0,1.0,5.0,66.0,20.0,32.0,31.0,3.0,0.0,Crystal Palace,Tottenham,0,0,48,64
Crystal Palace,Liverpool,0,0,1,0.0,2.0,5.0,42.0,14.0,41.0,19.0,3.0,0.0,2.0,0.0,11.0,38.0,21.0,27.0,16.0,2.0,0.0,Crystal Palace,Liverpool,0,0,48,62
Crystal Palace,Leicester,0,0,1,0.0,2.0,5.0,42.0,11.0,42.0,17.0,4.0,0.0,2.0,0.0,4.0,46.0,13.0,25.0,27.0,2.0,0.0,Crystal Palace,Leicester,0,0,48,41
Crystal Palace,Everton,0,1,0,1.0,1.0,3.0,37.0,15.0,41.0,25.0,5.0,0.0,0.0,2.0,1.0,27.0,10.0,23.0,18.0,1.0,0.0,Crystal Palace,Everton,0,1,48,47
Crystal Palace,Stoke,1,0,0,0.0,2.0,1.0,21.0,5.0,32.0,15.0,4.0,0.0,0.0,2.0,1.0,37.0,7.0,33.0,11.0,4.0,0.0,Crystal Palace,Stoke,0,0,48,54
Everton,Chelsea,1,0,0,1.0,1.0,3.0,28.0,8.0,24.0,19.0,3.0,0.0,1.0,2.0,4.0,51.0,17.0,34.0,15.0,4.0,1.0,Everton,Chelsea,0,1,47,87
Everton,Liverpool,0,1,0,2.0,0.0,6.0,43.0,15.0,31.0,15.0,7.0,1.0,1.0,1.0,5.0,52.0,23.0,23.0,21.0,3.0,0.0,Everton,Liverpool,0,0,47,62
Everton,Man United,0,0,1,1.0,0.0,4.0,43.0,10.0,29.0,13.0,8.0,1.0,2.0,1.0,6.0,31.0,15.0,42.0,16.0,3.0,0.0,Everton,Man United,1,0,47,70
Everton,Sunderland,1,0,0,0.0,2.0,2.0,36.0,12.0,36.0,15.0,5.0,1.0,1.0,1.0,5.0,30.0,8.0,39.0,7.0,4.0,1.0,Everton,Sunderland,0,0,47,38
Everton,Aston Villa,1,0,0,1.0,1.0,8.0,38.0,17.0,32.0,16.0,5.0,1.0,0.0,2.0,2.0,25.0,5.0,32.0,10.0,6.0,0.0,Everton,Aston Villa,1,0,47,38
Everton,Crystal Palace,0,1,0,1.0,0.0,8.0,40.0,19.0,24.0,12.0,2.0,0.0,2.0,1.0,7.0,47.0,19.0,31.0,24.0,4.0,0.0,Everton,Crystal Palace,0,0,47,48
Everton,Leicester,0,0,1,0.0,0.0,5.0,45.0,13.0,16.0,22.0,1.0,0.0,2.0,0.0,6.0,32.0,13.0,40.0,10.0,5.0,0.0,Everton,Leicester,0,0,47,41
Everton,Stoke,0,0,1,1.0,1.0,4.0,48.0,15.0,24.0,21.0,4.0,0.0,1.0,1.0,3.0,51.0,11.0,28.0,15.0,5.0,0.0,Everton,Stoke,0,1,47,54
Everton,Tottenham,0,1,0,1.0,2.0,6.0,48.0,15.0,28.0,23.0,6.0,0.0,3.0,0.0,7.0,38.0,19.0,26.0,19.0,4.0,0.0,Everton,Tottenham,0,1,47,64
Everton,Swansea,0,0,1,0.0,0.0,4.0,28.0,9.0,19.0,13.0,3.0,0.0,1.0,2.0,4.0,29.0,11.0,27.0,16.0,5.0,1.0,Everton,Swansea,0,0,47,56
Everton,Newcastle,1,0,0,0.0,1.0,4.0,36.0,8.0,16.0,16.0,2.0,0.0,1.0,1.0,6.0,48.0,18.0,31.0,15.0,3.0,0.0,Everton,Newcastle,1,0,47,39
Everton,West Brom,0,0,1,2.0,1.0,7.0,52.0,15.0,21.0,14.0,1.0,0.0,0.0,1.0,1.0,28.0,7.0,31.0,13.0,3.0,0.0,Everton,West Brom,0,0,47,44
Everton,West Ham,0,0,1,2.0,1.0,6.0,58.0,19.0,24.0,26.0,2.0,0.0,2.0,0.0,4.0,34.0,12.0,32.0,14.0,3.0,0.0,Everton,West Ham,1,0,47,47
Everton,Arsenal,0,0,1,1.0,2.0,5.0,59.0,21.0,28.0,31.0,4.0,1.0,0.0,2.0,5.0,41.0,13.0,33.0,12.0,5.0,1.0,Everton,Arsenal,1,0,47,75
Everton,Southampton,0,1,0,0.0,1.0,1.0,28.0,13.0,25.0,18.0,2.0,1.0,2.0,1.0,6.0,46.0,13.0,31.0,22.0,3.0,0.0,Everton,Southampton,1,0,47,60
Leicester,Aston Villa,1,0,0,1.0,0.0,4.0,28.0,10.0,38.0,10.0,8.0,0.0,0.0,2.0,3.0,37.0,9.0,39.0,12.0,7.0,0.0,Leicester,Aston Villa,1,0,41,38
Leicester,Arsenal,0,0,1,1.0,0.0,6.0,37.0,13.0,39.0,12.0,10.0,0.0,2.0,1.0,3.0,60.0,23.0,25.0,27.0,3.0,2.0,Leicester,Arsenal,0,0,41,75
Leicester,Crystal Palace,1,0,0,1.0,1.0,6.0,58.0,19.0,23.0,21.0,2.0,0.0,2.0,1.0,4.0,43.0,12.0,45.0,13.0,8.0,1.0,Leicester,Crystal Palace,0,0,41,48
Leicester,Man United,0,1,0,3.0,0.0,8.0,43.0,18.0,33.0,17.0,3.0,0.0,2.0,0.0,4.0,31.0,10.0,38.0,18.0,6.0,0.0,Leicester,Man United,0,1,41,70
Leicester,Chelsea,1,0,0,2.0,0.0,7.0,41.0,15.0,36.0,18.0,4.0,0.0,1.0,1.0,1.0,45.0,14.0,23.0,21.0,5.0,0.0,Leicester,Chelsea,1,0,41,87
Leicester,Man City,0,1,0,2.0,1.0,5.0,26.0,13.0,38.0,9.0,4.0,0.0,2.0,1.0,7.0,52.0,20.0,39.0,18.0,6.0,0.0,Leicester,Man City,0,1,41,79
Leicester,Stoke,1,0,0,1.0,0.0,2.0,38.0,9.0,34.0,19.0,3.0,0.0,1.0,1.0,4.0,38.0,13.0,36.0,19.0,1.0,1.0,Leicester,Stoke,0,0,41,54
Leicester,Liverpool,1,0,0,2.0,0.0,5.0,37.0,12.0,35.0,20.0,2.0,0.0,1.0,1.0,8.0,54.0,17.0,29.0,17.0,3.0,0.0,Leicester,Liverpool,0,0,41,62
Leicester,West Brom,0,1,0,2.0,1.0,5.0,34.0,13.0,34.0,8.0,5.0,1.0,2.0,1.0,4.0,23.0,6.0,38.0,8.0,8.0,0.0,Leicester,West Brom,0,0,41,44
Leicester,Newcastle,1,0,0,2.0,0.0,4.0,49.0,15.0,30.0,22.0,2.0,0.0,0.0,3.0,2.0,29.0,10.0,33.0,10.0,2.0,0.0,Leicester,Newcastle,1,0,41,39
Leicester,Southampton,1,0,0,3.0,0.0,3.0,32.0,11.0,28.0,23.0,3.0,0.0,2.0,0.0,6.0,43.0,14.0,31.0,19.0,5.0,2.0,Leicester,Southampton,1,0,41,60
Leicester,West Ham,0,1,0,3.0,0.0,4.0,36.0,14.0,34.0,21.0,4.0,0.0,0.0,0.0,7.0,50.0,19.0,37.0,20.0,9.0,1.0,Leicester,West Ham,0,0,41,47
Leicester,Swansea,1,0,0,2.0,0.0,5.0,34.0,13.0,35.0,14.0,4.0,1.0,1.0,1.0,3.0,35.0,10.0,40.0,13.0,7.0,0.0,Leicester,Swansea,1,0,41,56
Leicester,Everton,1,0,0,1.0,0.0,7.0,38.0,14.0,39.0,9.0,2.0,2.0,1.0,1.0,3.0,22.0,7.0,23.0,7.0,3.0,1.0,Leicester,Everton,0,1,41,47
Liverpool,West Ham,0,0,1,2.0,0.0,2.0,41.0,13.0,40.0,19.0,9.0,0.0,1.0,2.0,6.0,28.0,11.0,28.0,17.0,4.0,2.0,Liverpool,West Ham,0,0,62,47
Liverpool,Aston Villa,1,0,0,0.0,2.0,2.0,44.0,12.0,32.0,15.0,6.0,1.0,0.0,2.0,4.0,45.0,13.0,33.0,12.0,5.0,0.0,Liverpool,Aston Villa,0,1,62,38
Liverpool,Southampton,0,1,0,1.0,0.0,4.0,46.0,19.0,38.0,28.0,5.0,0.0,2.0,0.0,8.0,45.0,18.0,48.0,16.0,10.0,0.0,Liverpool,Southampton,1,0,62,60
Liverpool,Crystal Palace,0,0,1,1.0,0.0,4.0,43.0,12.0,40.0,23.0,7.0,0.0,0.0,2.0,1.0,25.0,10.0,32.0,10.0,5.0,1.0,Liverpool,Crystal Palace,0,0,62,48
Liverpool,Swansea,1,0,0,2.0,1.0,8.0,52.0,20.0,41.0,26.0,8.0,0.0,0.0,2.0,2.0,27.0,7.0,26.0,10.0,5.0,0.0,Liverpool,Swansea,1,0,62,56
Liverpool,West Brom,0,1,0,2.0,1.0,5.0,34.0,12.0,35.0,20.0,7.0,0.0,1.0,0.0,4.0,22.0,8.0,43.0,8.0,8.0,0.0,Liverpool,West Brom,1,0,62,44
Liverpool,Leicester,1,0,0,0.0,2.0,2.0,50.0,13.0,26.0,20.0,1.0,0.0,3.0,0.0,8.0,35.0,15.0,49.0,11.0,6.0,0.0,Liverpool,Leicester,1,0,62,41
Liverpool,Arsenal,0,1,0,2.0,1.0,2.0,65.0,12.0,35.0,20.0,6.0,0.0,2.0,1.0,3.0,36.0,13.0,26.0,20.0,4.0,0.0,Liverpool,Arsenal,0,0,62,75
Liverpool,Man United,0,0,1,1.0,1.0,4.0,62.0,14.0,33.0,22.0,6.0,0.0,1.0,0.0,5.0,43.0,12.0,42.0,12.0,9.0,0.0,Liverpool,Man United,0,1,62,70
Liverpool,Sunderland,0,1,0,1.0,2.0,5.0,46.0,13.0,27.0,20.0,2.0,0.0,0.0,2.0,2.0,26.0,9.0,24.0,14.0,4.0,0.0,Liverpool,Sunderland,0,0,62,38
Liverpool,Man City,1,0,0,1.0,1.0,8.0,41.0,16.0,20.0,25.0,3.0,0.0,1.0,2.0,3.0,47.0,10.0,36.0,22.0,7.0,0.0,Liverpool,Man City,0,0,62,79
Liverpool,Tottenham,0,1,0,2.0,1.0,7.0,48.0,21.0,43.0,14.0,5.0,1.0,2.0,0.0,7.0,62.0,27.0,26.0,21.0,2.0,0.0,Liverpool,Tottenham,0,0,62,64
Liverpool,Stoke,1,0,0,1.0,1.0,5.0,52.0,21.0,40.0,23.0,7.0,1.0,1.0,1.0,5.0,34.0,13.0,33.0,8.0,2.0,0.0,Liverpool,Stoke,0,0,62,54
Liverpool,Everton,1,0,0,2.0,0.0,7.0,48.0,19.0,34.0,22.0,2.0,0.0,0.0,0.0,2.0,28.0,14.0,27.0,16.0,3.0,1.0,Liverpool,Everton,0,0,62,47
Liverpool,Newcastle,0,1,0,3.0,0.0,10.0,70.0,25.0,31.0,19.0,1.0,0.0,1.0,1.0,5.0,22.0,13.0,33.0,10.0,5.0,0.0,Liverpool,Newcastle,1,0,62,39
Liverpool,Chelsea,0,1,0,1.0,1.0,5.0,43.0,12.0,31.0,20.0,4.0,1.0,1.0,1.0,8.0,38.0,17.0,22.0,17.0,4.0,1.0,Liverpool,Chelsea,0,0,62,87
Man City,West Ham,0,0,1,3.0,0.0,5.0,55.0,21.0,29.0,20.0,7.0,0.0,2.0,1.0,8.0,39.0,12.0,27.0,18.0,1.0,2.0,Man City,West Ham,1,0,79,47
Man City,Newcastle,1,0,0,1.0,2.0,3.0,70.0,23.0,29.0,29.0,5.0,0.0,0.0,2.0,3.0,40.0,14.0,31.0,16.0,4.0,0.0,Man City,Newcastle,1,0,79,39
Man City,Liverpool,0,0,1,1.0,0.0,2.0,40.0,9.0,24.0,24.0,5.0,0.0,1.0,1.0,5.0,53.0,13.0,36.0,31.0,6.0,0.0,Man City,Liverpool,1,0,79,62
Man City,Southampton,1,0,0,1.0,1.0,3.0,45.0,11.0,16.0,31.0,3.0,0.0,2.0,1.0,3.0,38.0,7.0,20.0,22.0,5.0,1.0,Man City,Southampton,1,0,79,60
Man City,Swansea,1,0,0,1.0,2.0,4.0,38.0,16.0,29.0,23.0,3.0,0.0,0.0,2.0,2.0,29.0,6.0,16.0,14.0,6.0,0.0,Man City,Swansea,0,0,79,56
Man City,Sunderland,1,0,0,1.0,2.0,3.0,44.0,15.0,39.0,19.0,6.0,0.0,0.0,3.0,2.0,36.0,9.0,29.0,12.0,5.0,0.0,Man City,Sunderland,0,0,79,38
Man City,Everton,0,1,0,2.0,0.0,6.0,56.0,19.0,28.0,23.0,4.0,0.0,1.0,1.0,5.0,47.0,13.0,30.0,17.0,5.0,0.0,Man City,Everton,1,0,79,47
Man City,Crystal Palace,1,0,0,1.0,0.0,2.0,59.0,15.0,23.0,30.0,3.0,0.0,0.0,2.0,0.0,27.0,7.0,32.0,12.0,7.0,0.0,Man City,Crystal Palace,0,0,79,48
Man City,Leicester,0,0,1,2.0,0.0,7.0,39.0,9.0,40.0,11.0,7.0,0.0,2.0,0.0,6.0,40.0,16.0,31.0,15.0,2.0,0.0,Man City,Leicester,1,0,79,41
Man City,Tottenham,0,0,1,1.0,1.0,4.0,44.0,9.0,39.0,17.0,9.0,0.0,3.0,0.0,7.0,67.0,26.0,33.0,33.0,4.0,0.0,Man City,Tottenham,1,0,79,64
Man City,Aston Villa,1,0,0,0.0,3.0,2.0,45.0,10.0,35.0,20.0,4.0,0.0,0.0,3.0,2.0,25.0,7.0,33.0,9.0,9.0,0.0,Man City,Aston Villa,1,0,79,38
Man City,Man United,0,0,1,1.0,1.0,4.0,41.0,14.0,34.0,19.0,2.0,0.0,2.0,1.0,4.0,28.0,9.0,35.0,16.0,5.0,1.0,Man City,Man United,0,0,79,70
Man City,West Brom,1,0,0,1.0,1.0,4.0,56.0,12.0,27.0,23.0,3.0,0.0,1.0,1.0,1.0,22.0,2.0,29.0,11.0,3.0,0.0,Man City,West Brom,1,0,79,44
Man City,Stoke,1,0,0,2.0,0.0,6.0,33.0,17.0,33.0,14.0,5.0,0.0,0.0,2.0,3.0,34.0,10.0,32.0,13.0,4.0,0.0,Man City,Stoke,0,0,79,54
Man City,Arsenal,0,1,0,1.0,1.0,7.0,26.0,16.0,25.0,14.0,3.0,0.0,2.0,0.0,3.0,50.0,17.0,30.0,16.0,5.0,0.0,Man City,Arsenal,0,1,79,75
Man United,Liverpool,1,0,0,1.0,1.0,2.0,40.0,14.0,40.0,17.0,6.0,0.0,1.0,1.0,1.0,46.0,11.0,41.0,19.0,8.0,1.0,Man United,Liverpool,1,0,70,62
Man United,Sunderland,1,0,0,2.0,1.0,7.0,30.0,10.0,34.0,10.0,3.0,0.0,0.0,2.0,2.0,28.0,7.0,40.0,13.0,7.0,1.0,Man United,Sunderland,0,0,70,38
Man United,Man City,0,1,0,2.0,1.0,6.0,31.0,19.0,43.0,14.0,5.0,0.0,2.0,1.0,12.0,60.0,30.0,30.0,16.0,6.0,0.0,Man United,Man City,1,0,70,79
Man United,West Brom,1,0,0,1.0,0.0,3.0,21.0,9.0,46.0,12.0,7.0,0.0,2.0,1.0,4.0,29.0,11.0,21.0,10.0,4.0,0.0,Man United,West Brom,0,0,70,44
Man United,West Ham,0,1,0,2.0,0.0,5.0,36.0,11.0,30.0,23.0,4.0,0.0,0.0,1.0,3.0,43.0,15.0,35.0,14.0,3.0,0.0,Man United,West Ham,1,0,70,47
Man United,Chelsea,0,1,0,0.0,3.0,2.0,33.0,13.0,32.0,30.0,3.0,0.0,1.0,1.0,6.0,45.0,14.0,27.0,19.0,2.0,0.0,Man United,Chelsea,0,0,70,87
Man United,Swansea,1,0,0,0.0,2.0,1.0,34.0,10.0,36.0,28.0,6.0,0.0,1.0,0.0,1.0,33.0,7.0,32.0,12.0,3.0,0.0,Man United,Swansea,0,1,70,56
Man United,Southampton,0,0,1,2.0,0.0,6.0,38.0,11.0,44.0,11.0,7.0,0.0,2.0,1.0,5.0,34.0,16.0,26.0,18.0,1.0,1.0,Man United,Southampton,0,0,70,60
Man United,Stoke,1,0,0,1.0,1.0,4.0,27.0,6.0,41.0,11.0,5.0,0.0,1.0,1.0,3.0,31.0,12.0,34.0,17.0,1.0,0.0,Man United,Stoke,0,0,70,54
Man United,Arsenal,1,0,0,1.0,1.0,5.0,44.0,18.0,37.0,21.0,8.0,0.0,2.0,0.0,4.0,55.0,22.0,28.0,27.0,7.0,0.0,Man United,Arsenal,1,0,70,75
Man United,Everton,1,0,0,2.0,1.0,2.0,26.0,7.0,26.0,19.0,2.0,1.0,1.0,2.0,5.0,33.0,17.0,26.0,24.0,3.0,1.0,Man United,Everton,1,0,70,47
Man United,Aston Villa,1,0,0,2.0,1.0,2.0,20.0,6.0,37.0,17.0,6.0,0.0,0.0,3.0,1.0,33.0,7.0,35.0,16.0,8.0,1.0,Man United,Aston Villa,1,0,70,38
Man United,Crystal Palace,1,0,0,2.0,1.0,2.0,28.0,7.0,34.0,26.0,5.0,0.0,1.0,0.0,2.0,38.0,14.0,33.0,25.0,4.0,0.0,Man United,Crystal Palace,0,0,70,48
Man United,Leicester,0,1,0,2.0,1.0,3.0,34.0,15.0,32.0,31.0,4.0,0.0,2.0,0.0,8.0,41.0,18.0,38.0,11.0,3.0,1.0,Man United,Leicester,1,0,70,41
Newcastle,Arsenal,0,0,1,0.0,1.0,2.0,20.0,6.0,28.0,15.0,5.0,1.0,1.0,1.0,2.0,61.0,18.0,26.0,18.0,3.0,0.0,Newcastle,Arsenal,0,1,39,75
Newcastle,Chelsea,0,1,0,0.0,3.0,1.0,30.0,9.0,34.0,12.0,9.0,1.0,1.0,2.0,4.0,63.0,18.0,33.0,26.0,6.0,0.0,Newcastle,Chelsea,0,0,39,87
Newcastle,Stoke,0,1,0,1.0,2.0,7.0,38.0,18.0,28.0,16.0,4.0,1.0,2.0,1.0,2.0,33.0,8.0,36.0,18.0,5.0,0.0,Newcastle,Stoke,0,0,39,54
Newcastle,Leicester,0,0,1,1.0,1.0,1.0,38.0,15.0,27.0,21.0,5.0,1.0,3.0,0.0,6.0,37.0,14.0,28.0,11.0,5.0,0.0,Newcastle,Leicester,0,0,39,41
Newcastle,Liverpool,1,0,0,1.0,2.0,2.0,18.0,4.0,33.0,9.0,7.0,0.0,2.0,1.0,6.0,46.0,15.0,32.0,27.0,7.0,0.0,Newcastle,Liverpool,0,0,39,62
Newcastle,Aston Villa,0,1,0,2.0,1.0,5.0,21.0,7.0,33.0,9.0,6.0,0.0,0.0,2.0,3.0,39.0,10.0,23.0,19.0,4.0,0.0,Newcastle,Aston Villa,1,0,39,38
Newcastle,Everton,0,0,1,2.0,0.0,5.0,22.0,9.0,29.0,7.0,6.0,0.0,0.0,1.0,4.0,47.0,12.0,16.0,27.0,3.0,0.0,Newcastle,Everton,0,0,39,47
Newcastle,Man United,0,1,0,0.0,3.0,0.0,32.0,9.0,38.0,11.0,4.0,0.0,1.0,1.0,2.0,42.0,14.0,46.0,21.0,8.0,0.0,Newcastle,Man United,0,0,39,70
Newcastle,West Ham,1,0,0,0.0,2.0,3.0,36.0,14.0,32.0,15.0,3.0,0.0,3.0,0.0,7.0,41.0,20.0,22.0,14.0,3.0,0.0,Newcastle,West Ham,0,0,39,47
Newcastle,West Brom,1,0,0,1.0,2.0,3.0,41.0,15.0,36.0,13.0,4.0,1.0,0.0,1.0,1.0,30.0,7.0,30.0,12.0,0.0,0.0,Newcastle,West Brom,0,0,39,44
Newcastle,Sunderland,0,1,0,0.0,3.0,1.0,32.0,8.0,28.0,11.0,1.0,0.0,0.0,1.0,3.0,41.0,13.0,29.0,12.0,2.0,0.0,Newcastle,Sunderland,0,0,39,38
Newcastle,Swansea,1,0,0,0.0,2.0,4.0,35.0,16.0,32.0,9.0,4.0,0.0,2.0,0.0,4.0,34.0,10.0,40.0,10.0,9.0,0.0,Newcastle,Swansea,0,0,39,56
Newcastle,Man City,0,1,0,1.0,2.0,6.0,30.0,15.0,31.0,10.0,2.0,0.0,3.0,0.0,9.0,39.0,19.0,33.0,15.0,4.0,0.0,Newcastle,Man City,0,1,39,79
Newcastle,Crystal Palace,1,0,0,1.0,0.0,6.0,23.0,13.0,43.0,12.0,6.0,0.0,0.0,1.0,1.0,30.0,8.0,27.0,17.0,4.0,0.0,Newcastle,Crystal Palace,0,0,39,48
Newcastle,Tottenham,1,0,0,1.0,0.0,3.0,25.0,10.0,41.0,13.0,4.0,0.0,0.0,1.0,4.0,55.0,13.0,36.0,27.0,9.0,0.0,Newcastle,Tottenham,0,1,39,64
Southampton,Man United,0,0,1,1.0,0.0,3.0,51.0,17.0,20.0,13.0,2.0,0.0,1.0,1.0,4.0,40.0,15.0,36.0,16.0,5.0,0.0,Southampton,Man United,0,0,60,70
Southampton,Swansea,1,0,0,1.0,1.0,5.0,52.0,20.0,15.0,16.0,2.0,0.0,1.0,1.0,2.0,29.0,10.0,32.0,5.0,5.0,0.0,Southampton,Swansea,0,0,60,56
Southampton,Leicester,0,1,0,2.0,1.0,8.0,46.0,20.0,38.0,15.0,10.0,0.0,1.0,1.0,6.0,44.0,17.0,25.0,18.0,6.0,0.0,Southampton,Leicester,0,0,60,41
Southampton,Stoke,0,0,1,2.0,0.0,4.0,30.0,9.0,23.0,22.0,3.0,2.0,1.0,1.0,1.0,29.0,5.0,39.0,16.0,9.0,0.0,Southampton,Stoke,1,0,60,54
Southampton,Aston Villa,0,1,0,1.0,2.0,2.0,39.0,13.0,26.0,22.0,6.0,0.0,0.0,2.0,2.0,25.0,9.0,22.0,16.0,3.0,0.0,Southampton,Aston Villa,1,0,60,38
Southampton,Tottenham,0,0,1,0.0,2.0,2.0,50.0,16.0,28.0,19.0,2.0,0.0,0.0,1.0,2.0,38.0,15.0,37.0,16.0,8.0,0.0,Southampton,Tottenham,0,0,60,64
Southampton,Arsenal,1,0,0,0.0,2.0,1.0,49.0,12.0,35.0,19.0,2.0,0.0,3.0,0.0,7.0,32.0,16.0,19.0,12.0,1.0,0.0,Southampton,Arsenal,1,0,60,75
Southampton,West Brom,1,0,0,1.0,2.0,3.0,40.0,15.0,28.0,24.0,4.0,1.0,2.0,0.0,5.0,51.0,16.0,22.0,29.0,4.0,0.0,Southampton,West Brom,0,0,60,44
Southampton,West Ham,1,0,0,2.0,0.0,4.0,30.0,10.0,37.0,8.0,1.0,0.0,1.0,1.0,5.0,45.0,12.0,24.0,13.0,5.0,0.0,Southampton,West Ham,0,0,60,47
Southampton,Chelsea,0,0,1,2.0,0.0,2.0,35.0,10.0,48.0,11.0,5.0,1.0,1.0,0.0,6.0,43.0,14.0,35.0,25.0,1.0,1.0,Southampton,Chelsea,0,0,60,87
Southampton,Sunderland,0,1,0,1.0,2.0,2.0,26.0,8.0,40.0,13.0,6.0,0.0,1.0,1.0,4.0,51.0,15.0,27.0,16.0,3.0,0.0,Southampton,Sunderland,1,0,60,38
Southampton,Liverpool,1,0,0,1.0,1.0,3.0,33.0,10.0,39.0,18.0,4.0,2.0,3.0,0.0,11.0,41.0,21.0,39.0,15.0,3.0,1.0,Southampton,Liverpool,0,1,60,62
Southampton,Newcastle,1,0,0,2.0,1.0,5.0,37.0,11.0,35.0,15.0,5.0,1.0,0.0,2.0,3.0,43.0,15.0,34.0,11.0,4.0,0.0,Southampton,Newcastle,1,0,60,39
Southampton,Man City,1,0,0,2.0,0.0,8.0,55.0,17.0,31.0,32.0,1.0,0.0,2.0,0.0,8.0,31.0,19.0,31.0,15.0,5.0,0.0,Southampton,Man City,0,0,60,79
Southampton,Crystal Palace,1,0,0,3.0,0.0,10.0,41.0,16.0,37.0,21.0,5.0,0.0,1.0,2.0,2.0,31.0,7.0,27.0,14.0,4.0,0.0,Southampton,Crystal Palace,0,0,60,48
Stoke,West Brom,0,0,1,0.0,1.0,3.0,29.0,9.0,25.0,6.0,5.0,0.0,0.0,2.0,2.0,30.0,8.0,31.0,18.0,8.0,0.0,Stoke,West Brom,0,0,54,44
Stoke,Leicester,0,1,0,0.0,2.0,1.0,28.0,10.0,22.0,7.0,3.0,2.0,1.0,0.0,5.0,38.0,10.0,34.0,10.0,7.0,0.0,Stoke,Leicester,0,0,54,41
Stoke,Chelsea,1,0,0,1.0,1.0,1.0,30.0,5.0,40.0,17.0,8.0,0.0,1.0,2.0,4.0,25.0,9.0,43.0,9.0,7.0,1.0,Stoke,Chelsea,0,1,54,87
Stoke,Man City,1,0,0,2.0,1.0,2.0,31.0,9.0,31.0,9.0,5.0,1.0,1.0,1.0,4.0,40.0,15.0,26.0,25.0,3.0,0.0,Stoke,Man City,0,0,54,79
Stoke,Crystal Palace,0,0,1,1.0,1.0,2.0,26.0,10.0,28.0,13.0,4.0,1.0,2.0,0.0,7.0,45.0,18.0,29.0,21.0,3.0,0.0,Stoke,Crystal Palace,0,1,54,48
Stoke,Man United,1,0,0,1.0,1.0,3.0,45.0,12.0,24.0,15.0,4.0,0.0,0.0,2.0,2.0,43.0,8.0,25.0,24.0,2.0,0.0,Stoke,Man United,0,0,54,70
Stoke,Arsenal,0,1,0,2.0,1.0,8.0,32.0,12.0,32.0,15.0,2.0,1.0,2.0,0.0,6.0,43.0,14.0,24.0,19.0,4.0,0.0,Stoke,Arsenal,1,0,54,75
Stoke,Everton,0,0,1,0.0,2.0,0.0,27.0,8.0,42.0,15.0,2.0,0.0,1.0,1.0,7.0,47.0,13.0,18.0,14.0,2.0,0.0,Stoke,Everton,1,0,54,47
Stoke,Aston Villa,1,0,0,1.0,2.0,3.0,32.0,9.0,42.0,13.0,4.0,0.0,1.0,2.0,2.0,22.0,6.0,31.0,7.0,3.0,1.0,Stoke,Aston Villa,0,0,54,38
Stoke,Newcastle,1,0,0,2.0,1.0,5.0,33.0,12.0,36.0,19.0,3.0,0.0,1.0,2.0,2.0,36.0,14.0,41.0,14.0,3.0,1.0,Stoke,Newcastle,1,0,54,39
Stoke,Southampton,0,0,1,2.0,0.0,4.0,36.0,10.0,28.0,20.0,3.0,0.0,0.0,2.0,2.0,29.0,8.0,37.0,21.0,5.0,1.0,Stoke,Southampton,0,1,54,60
Stoke,Swansea,0,1,0,1.0,1.0,4.0,38.0,13.0,37.0,7.0,4.0,0.0,2.0,1.0,4.0,32.0,8.0,34.0,12.0,5.0,0.0,Stoke,Swansea,0,0,54,56
Stoke,Tottenham,0,0,1,1.0,1.0,5.0,31.0,14.0,34.0,10.0,3.0,0.0,2.0,0.0,7.0,51.0,21.0,32.0,15.0,3.0,0.0,Stoke,Tottenham,1,0,54,64
Stoke,Sunderland,0,1,0,0.0,3.0,1.0,36.0,7.0,34.0,12.0,4.0,0.0,1.0,1.0,3.0,35.0,7.0,30.0,8.0,5.0,0.0,Stoke,Sunderland,0,0,54,38
Stoke,West Ham,1,0,0,0.0,2.0,2.0,37.0,8.0,39.0,9.0,5.0,0.0,2.0,1.0,7.0,53.0,17.0,24.0,25.0,4.0,0.0,Stoke,West Ham,1,0,54,47
Sunderland,Tottenham,0,0,1,0.0,1.0,4.0,23.0,7.0,37.0,13.0,6.0,0.0,0.0,0.0,3.0,52.0,19.0,49.0,17.0,10.0,0.0,Sunderland,Tottenham,0,0,38,64
Sunderland,West Ham,0,1,0,0.0,3.0,0.0,30.0,8.0,43.0,11.0,9.0,1.0,2.0,0.0,6.0,42.0,13.0,22.0,16.0,2.0,0.0,Sunderland,West Ham,0,0,38,47
Sunderland,Newcastle,1,0,0,0.0,2.0,2.0,30.0,9.0,44.0,8.0,7.0,1.0,1.0,1.0,9.0,28.0,15.0,30.0,10.0,3.0,0.0,Sunderland,Newcastle,1,0,38,39
Sunderland,Southampton,0,0,1,1.0,2.0,5.0,35.0,14.0,30.0,7.0,4.0,0.0,1.0,0.0,5.0,33.0,11.0,32.0,17.0,2.0,2.0,Sunderland,Southampton,0,0,38,60
Sunderland,Stoke,1,0,0,1.0,2.0,3.0,38.0,16.0,19.0,13.0,6.0,0.0,2.0,0.0,2.0,33.0,8.0,37.0,8.0,6.0,0.0,Sunderland,Stoke,1,0,38,54
Sunderland,Liverpool,0,0,1,0.0,3.0,2.0,36.0,8.0,29.0,11.0,5.0,0.0,1.0,1.0,3.0,65.0,16.0,27.0,20.0,2.0,0.0,Sunderland,Liverpool,0,1,38,62
Sunderland,Aston Villa,1,0,0,0.0,3.0,2.0,30.0,9.0,31.0,9.0,5.0,0.0,0.0,1.0,2.0,21.0,18.0,49.0,23.0,11.0,0.0,Sunderland,Aston Villa,0,1,38,38
Sunderland,Man City,0,0,1,1.0,1.0,6.0,22.0,12.0,30.0,12.0,3.0,0.0,1.0,0.0,6.0,55.0,12.0,30.0,19.0,3.0,0.0,Sunderland,Man City,0,1,38,79
Sunderland,Man United,1,0,0,0.0,1.0,3.0,28.0,9.0,23.0,13.0,3.0,0.0,1.0,1.0,4.0,40.0,13.0,33.0,17.0,5.0,0.0,Sunderland,Man United,0,0,38,70
Sunderland,Crystal Palace,0,1,0,1.0,1.0,4.0,41.0,11.0,28.0,14.0,3.0,0.0,0.0,2.0,4.0,41.0,11.0,41.0,19.0,4.0,0.0,Sunderland,Crystal Palace,0,0,38,48
Sunderland,West Brom,0,1,0,0.0,0.0,4.0,42.0,13.0,27.0,11.0,3.0,0.0,1.0,1.0,3.0,30.0,5.0,24.0,11.0,4.0,0.0,Sunderland,West Brom,0,0,38,44
Sunderland,Leicester,0,0,1,0.0,0.0,2.0,47.0,14.0,27.0,16.0,3.0,0.0,3.0,0.0,3.0,29.0,8.0,29.0,22.0,3.0,0.0,Sunderland,Leicester,0,0,38,41
Sunderland,Arsenal,0,1,0,1.0,1.0,3.0,45.0,11.0,31.0,10.0,4.0,0.0,1.0,0.0,6.0,48.0,19.0,29.0,16.0,0.0,0.0,Sunderland,Arsenal,0,1,38,75
Sunderland,Chelsea,1,0,0,1.0,0.0,4.0,34.0,11.0,34.0,15.0,6.0,0.0,1.0,1.0,6.0,40.0,13.0,25.0,25.0,5.0,1.0,Sunderland,Chelsea,0,0,38,87
Sunderland,Everton,1,0,0,1.0,0.0,4.0,41.0,12.0,34.0,18.0,8.0,0.0,1.0,2.0,3.0,24.0,10.0,27.0,8.0,5.0,1.0,Sunderland,Everton,0,0,38,47
Swansea,Man United,1,0,0,1.0,0.0,5.0,57.0,25.0,36.0,16.0,7.0,0.0,2.0,0.0,2.0,38.0,11.0,37.0,17.0,6.0,0.0,Swansea,Man United,0,0,56,70
Swansea,Everton,0,1,0,1.0,1.0,3.0,37.0,16.0,29.0,7.0,5.0,0.0,1.0,1.0,3.0,32.0,13.0,26.0,17.0,3.0,0.0,Swansea,Everton,0,1,56,47
Swansea,Tottenham,0,1,0,0.0,2.0,1.0,31.0,10.0,40.0,8.0,4.0,0.0,3.0,0.0,6.0,52.0,18.0,38.0,19.0,7.0,0.0,Swansea,Tottenham,0,1,56,64
Swansea,Stoke,0,0,1,0.0,1.0,3.0,34.0,9.0,34.0,10.0,4.0,0.0,2.0,0.0,5.0,31.0,14.0,32.0,11.0,2.0,0.0,Swansea,Stoke,0,0,56,54
Swansea,Arsenal,0,0,1,1.0,1.0,4.0,36.0,8.0,22.0,12.0,6.0,0.0,3.0,0.0,8.0,49.0,16.0,31.0,19.0,4.0,0.0,Swansea,Arsenal,0,0,56,75
Swansea,Leicester,0,0,1,0.0,2.0,2.0,27.0,4.0,20.0,13.0,4.0,0.0,2.0,0.0,6.0,37.0,16.0,27.0,14.0,1.0,0.0,Swansea,Leicester,1,0,56,41
Swansea,West Ham,0,1,0,0.0,3.0,1.0,31.0,9.0,24.0,15.0,4.0,0.0,0.0,0.0,1.0,48.0,17.0,35.0,18.0,1.0,0.0,Swansea,West Ham,0,1,56,47
Swansea,West Brom,1,0,0,0.0,2.0,1.0,44.0,11.0,24.0,16.0,3.0,0.0,0.0,1.0,4.0,21.0,8.0,35.0,11.0,5.0,2.0,Swansea,West Brom,1,0,56,44
Swansea,Sunderland,0,0,1,1.0,1.0,2.0,21.0,9.0,36.0,6.0,4.0,0.0,1.0,2.0,4.0,32.0,12.0,27.0,10.0,5.0,0.0,Swansea,Sunderland,0,1,56,38
Swansea,Crystal Palace,0,1,0,2.0,0.0,4.0,35.0,11.0,33.0,14.0,5.0,0.0,0.0,3.0,2.0,34.0,9.0,33.0,14.0,7.0,0.0,Swansea,Crystal Palace,0,0,56,48
Swansea,Southampton,0,0,1,1.0,0.0,4.0,44.0,12.0,36.0,17.0,4.0,0.0,2.0,0.0,2.0,29.0,7.0,44.0,11.0,2.0,1.0,Swansea,Southampton,0,0,56,60
Swansea,Aston Villa,1,0,0,2.0,1.0,5.0,33.0,9.0,36.0,11.0,4.0,0.0,0.0,3.0,1.0,27.0,8.0,24.0,15.0,4.0,0.0,Swansea,Aston Villa,1,0,56,38
Swansea,Chelsea,1,0,0,1.0,1.0,5.0,34.0,8.0,36.0,12.0,4.0,0.0,1.0,0.0,7.0,53.0,20.0,30.0,20.0,5.0,0.0,Swansea,Chelsea,0,1,56,87
Swansea,Liverpool,1,0,0,1.0,2.0,1.0,32.0,8.0,34.0,14.0,8.0,0.0,2.0,0.0,8.0,69.0,23.0,25.0,18.0,2.0,0.0,Swansea,Liverpool,0,0,56,62
Swansea,Man City,0,1,0,2.0,1.0,7.0,40.0,16.0,30.0,13.0,4.0,0.0,1.0,1.0,8.0,31.0,14.0,33.0,18.0,3.0,0.0,Swansea,Man City,0,1,56,79
Tottenham,Everton,0,1,0,0.0,1.0,3.0,41.0,17.0,41.0,13.0,9.0,0.0,1.0,1.0,5.0,30.0,10.0,22.0,25.0,3.0,0.0,Tottenham,Everton,1,0,64,47
Tottenham,Crystal Palace,1,0,0,1.0,0.0,2.0,54.0,16.0,46.0,21.0,9.0,0.0,2.0,1.0,4.0,39.0,14.0,40.0,17.0,6.0,0.0,Tottenham,Crystal Palace,0,0,64,48
Tottenham,Man City,1,0,0,2.0,0.0,2.0,57.0,16.0,41.0,20.0,6.0,0.0,2.0,1.0,4.0,66.0,20.0,32.0,29.0,5.0,0.0,Tottenham,Man City,0,1,64,79
Tottenham,Liverpool,0,1,0,2.0,0.0,7.0,56.0,25.0,45.0,17.0,10.0,0.0,1.0,0.0,5.0,57.0,23.0,31.0,28.0,4.0,0.0,Tottenham,Liverpool,0,1,64,62
Tottenham,Aston Villa,1,0,0,1.0,0.0,7.0,46.0,24.0,49.0,19.0,6.0,0.0,0.0,3.0,1.0,30.0,6.0,39.0,17.0,6.0,0.0,Tottenham,Aston Villa,0,1,64,38
Tottenham,West Ham,1,0,0,2.0,0.0,9.0,45.0,19.0,38.0,15.0,2.0,0.0,1.0,1.0,3.0,36.0,13.0,33.0,12.0,2.0,1.0,Tottenham,West Ham,0,1,64,47
Tottenham,Chelsea,0,1,0,2.0,0.0,8.0,53.0,22.0,36.0,17.0,3.0,0.0,1.0,2.0,2.0,48.0,13.0,23.0,16.0,3.0,0.0,Tottenham,Chelsea,1,0,64,87
Tottenham,Newcastle,0,0,1,1.0,0.0,5.0,40.0,19.0,37.0,17.0,8.0,0.0,1.0,2.0,3.0,22.0,4.0,28.0,11.0,8.0,0.0,Tottenham,Newcastle,1,0,64,39
Tottenham,Leicester,0,0,1,2.0,0.0,6.0,44.0,17.0,28.0,16.0,5.0,0.0,0.0,1.0,0.0,34.0,9.0,28.0,14.0,3.0,0.0,Tottenham,Leicester,1,0,64,41
Tottenham,Sunderland,1,0,0,1.0,1.0,3.0,50.0,12.0,37.0,23.0,5.0,0.0,2.0,1.0,7.0,28.0,14.0,28.0,15.0,4.0,0.0,Tottenham,Sunderland,0,0,64,38
Tottenham,Swansea,1,0,0,3.0,0.0,6.0,49.0,18.0,38.0,24.0,5.0,0.0,0.0,1.0,2.0,50.0,9.0,34.0,21.0,1.0,0.0,Tottenham,Swansea,0,0,64,56
Tottenham,Arsenal,0,1,0,2.0,1.0,4.0,49.0,19.0,39.0,11.0,8.0,0.0,1.0,2.0,5.0,55.0,15.0,32.0,21.0,7.0,0.0,Tottenham,Arsenal,0,1,64,75
Tottenham,Man United,1,0,0,2.0,0.0,6.0,54.0,21.0,28.0,21.0,0.0,0.0,2.0,1.0,2.0,22.0,6.0,34.0,15.0,3.0,1.0,Tottenham,Man United,0,0,64,70
Tottenham,West Brom,0,1,0,2.0,0.0,8.0,57.0,19.0,33.0,14.0,3.0,0.0,0.0,3.0,1.0,37.0,7.0,32.0,23.0,2.0,0.0,Tottenham,West Brom,0,0,64,44
Tottenham,Southampton,0,0,1,1.0,0.0,7.0,58.0,13.0,40.0,20.0,9.0,0.0,2.0,0.0,9.0,49.0,18.0,35.0,29.0,3.0,0.0,Tottenham,Southampton,1,0,64,60
West Brom,Southampton,0,1,0,1.0,1.0,3.0,36.0,11.0,28.0,17.0,8.0,0.0,1.0,1.0,3.0,54.0,17.0,26.0,17.0,6.0,0.0,West Brom,Southampton,1,0,44,60
West Brom,Everton,0,0,1,2.0,0.0,2.0,34.0,12.0,25.0,16.0,8.0,0.0,1.0,0.0,3.0,39.0,14.0,32.0,13.0,5.0,1.0,West Brom,Everton,0,1,44,47
West Brom,Sunderland,1,0,0,1.0,2.0,3.0,27.0,12.0,33.0,16.0,6.0,0.0,0.0,2.0,2.0,30.0,9.0,46.0,6.0,9.0,2.0,West Brom,Sunderland,0,0,44,38
West Brom,Leicester,0,0,1,2.0,1.0,2.0,22.0,7.0,31.0,7.0,7.0,0.0,2.0,0.0,5.0,54.0,15.0,21.0,18.0,4.0,0.0,West Brom,Leicester,1,0,44,41
West Brom,Arsenal,1,0,0,1.0,2.0,3.0,25.0,10.0,19.0,10.0,5.0,1.0,2.0,0.0,6.0,45.0,14.0,30.0,18.0,2.0,0.0,West Brom,Arsenal,0,0,44,75
West Brom,Tottenham,0,1,0,1.0,1.0,3.0,15.0,4.0,40.0,6.0,8.0,1.0,1.0,0.0,5.0,45.0,20.0,44.0,17.0,7.0,0.0,West Brom,Tottenham,0,1,44,64
West Brom,Newcastle,1,0,0,0.0,2.0,3.0,19.0,7.0,35.0,15.0,5.0,2.0,1.0,1.0,3.0,26.0,9.0,39.0,6.0,5.0,0.0,West Brom,Newcastle,0,1,44,39
West Brom,Stoke,1,0,0,1.0,2.0,2.0,37.0,10.0,32.0,29.0,5.0,2.0,2.0,1.0,7.0,47.0,13.0,31.0,10.0,4.0,0.0,West Brom,Stoke,1,0,44,54
West Brom,Aston Villa,0,1,0,1.0,1.0,4.0,38.0,11.0,26.0,14.0,4.0,0.0,1.0,1.0,3.0,35.0,11.0,41.0,15.0,9.0,0.0,West Brom,Aston Villa,0,0,44,38
West Brom,Swansea,0,1,0,0.0,1.0,2.0,26.0,6.0,26.0,12.0,3.0,0.0,2.0,1.0,5.0,27.0,12.0,29.0,15.0,7.0,1.0,West Brom,Swansea,0,0,44,56
West Brom,Crystal Palace,1,0,0,1.0,1.0,2.0,29.0,8.0,36.0,12.0,6.0,0.0,0.0,2.0,3.0,40.0,12.0,36.0,18.0,5.0,0.0,West Brom,Crystal Palace,0,1,44,48
West Brom,Man United,1,0,0,2.0,0.0,6.0,27.0,9.0,34.0,7.0,7.0,0.0,2.0,1.0,5.0,33.0,14.0,43.0,19.0,8.0,0.0,West Brom,Man United,1,0,44,70
West Brom,West Ham,0,0,1,0.0,2.0,1.0,40.0,8.0,38.0,22.0,2.0,0.0,1.0,0.0,8.0,56.0,18.0,36.0,16.0,5.0,0.0,West Brom,West Ham,0,1,44,47
West Brom,Liverpool,0,1,0,0.0,1.0,2.0,43.0,12.0,35.0,18.0,2.0,0.0,1.0,1.0,4.0,58.0,17.0,34.0,22.0,6.0,1.0,West Brom,Liverpool,0,0,44,62
West Ham,Newcastle,1,0,0,1.0,2.0,7.0,32.0,12.0,30.0,20.0,2.0,3.0,0.0,2.0,0.0,12.0,2.0,34.0,9.0,9.0,2.0,West Ham,Newcastle,0,0,47,39
West Ham,Chelsea,1,0,0,1.0,0.0,7.0,63.0,17.0,29.0,24.0,7.0,0.0,1.0,1.0,5.0,35.0,10.0,51.0,14.0,5.0,0.0,West Ham,Chelsea,0,1,47,87
West Ham,Everton,0,1,0,2.0,1.0,5.0,44.0,12.0,33.0,18.0,4.0,1.0,1.0,2.0,7.0,37.0,16.0,32.0,16.0,5.0,1.0,West Ham,Everton,0,0,47,47
West Ham,West Brom,0,1,0,0.0,2.0,2.0,34.0,12.0,32.0,11.0,3.0,1.0,1.0,2.0,4.0,22.0,7.0,27.0,10.0,6.0,1.0,West Ham,West Brom,0,0,47,44
West Ham,Stoke,0,1,0,0.0,1.0,2.0,36.0,12.0,37.0,13.0,2.0,0.0,2.0,1.0,3.0,30.0,11.0,27.0,9.0,2.0,1.0,West Ham,Stoke,1,0,47,54
West Ham,Southampton,1,0,0,0.0,0.0,1.0,43.0,15.0,29.0,26.0,5.0,0.0,1.0,2.0,4.0,41.0,12.0,41.0,12.0,2.0,0.0,West Ham,Southampton,0,0,47,60
West Ham,Liverpool,1,0,0,1.0,0.0,3.0,34.0,11.0,28.0,19.0,5.0,0.0,2.0,1.0,2.0,54.0,14.0,36.0,20.0,5.0,0.0,West Ham,Liverpool,1,0,47,62
West Ham,Man City,0,1,0,2.0,1.0,6.0,38.0,18.0,20.0,13.0,2.0,0.0,2.0,0.0,6.0,55.0,14.0,25.0,22.0,0.0,0.0,West Ham,Man City,1,0,47,79
West Ham,Aston Villa,1,0,0,1.0,1.0,6.0,30.0,11.0,20.0,15.0,3.0,0.0,1.0,0.0,2.0,42.0,12.0,41.0,18.0,6.0,0.0,West Ham,Aston Villa,0,0,47,38
West Ham,Sunderland,1,0,0,1.0,1.0,4.0,54.0,14.0,30.0,13.0,7.0,0.0,1.0,1.0,4.0,39.0,9.0,25.0,16.0,4.0,0.0,West Ham,Sunderland,0,0,47,38
West Ham,Tottenham,1,0,0,1.0,1.0,3.0,38.0,11.0,32.0,13.0,5.0,0.0,3.0,0.0,5.0,66.0,26.0,40.0,23.0,5.0,0.0,West Ham,Tottenham,0,0,47,64
West Ham,Crystal Palace,0,1,0,2.0,0.0,6.0,44.0,14.0,37.0,21.0,8.0,0.0,0.0,2.0,3.0,39.0,13.0,35.0,21.0,3.0,0.0,West Ham,Crystal Palace,0,1,47,48
West Ham,Arsenal,0,1,0,1.0,0.0,7.0,48.0,17.0,39.0,19.0,10.0,1.0,2.0,0.0,8.0,40.0,19.0,27.0,15.0,3.0,1.0,West Ham,Arsenal,0,1,47,75
West Ham,Swansea,0,0,1,2.0,0.0,8.0,45.0,15.0,32.0,15.0,3.0,0.0,1.0,2.0,3.0,38.0,11.0,31.0,17.0,5.0,0.0,West Ham,Swansea,0,0,47,56
West Ham,Man United,1,0,0,2.0,1.0,7.0,51.0,18.0,29.0,23.0,3.0,0.0,2.0,0.0,4.0,52.0,18.0,39.0,22.0,4.0,0.0,West Ham,Man United,0,0,47,70
